{
  "project_info": {
    "project_number": "579837894122",
    "firebase_url": "https://trackcoubus-52e5c.firebaseio.com",
    "project_id": "trackcoubus-52e5c",
    "storage_bucket": "trackcoubus-52e5c.appspot.com"
  },
  "client": [
    {
      "client_info": {
        "mobilesdk_app_id": "1:579837894122:android:2769168f4eef1cdb1a2693",
        "android_client_info": {
          "package_name": "com.example.trackcoubus"
        }
      },
      "oauth_client": [
        {
          "client_id": "579837894122-1ficeilj1eksokc4vmro1oh02hku10mg.apps.googleusercontent.com",
          "client_type": 1,
          "android_info": {
            "package_name": "com.example.trackcoubus",
            "certificate_hash": "0108c44bea738d909b294d8e809efb6751f177c8"
          }
        },
        {
          "client_id": "579837894122-1g9dq75dp8jsisk82jle4gbt8585be88.apps.googleusercontent.com",
          "client_type": 3
        }
      ],
      "api_key": [
        {
          "current_key": "AIzaSyBQ5f2EEfn9vMcfALuaV6qaQciatL9Uxu8"
        }
      ],
      "services": {
        "appinvite_service": {
          "other_platform_oauth_client": [
            {
              "client_id": "579837894122-1g9dq75dp8jsisk82jle4gbt8585be88.apps.googleusercontent.com",
              "client_type": 3
            }
          ]
        }
      }
    }
  ],
  "configuration_version": "1"
}