{
  "project_info": {
    "project_number": "516188237714",
    "firebase_url": "https://trackcoubus-1e8ae.firebaseio.com",
    "project_id": "trackcoubus-1e8ae",
    "storage_bucket": "trackcoubus-1e8ae.appspot.com"
  },
  "client": [
    {
      "client_info": {
        "mobilesdk_app_id": "1:516188237714:android:571d21a57580ccb9",
        "android_client_info": {
          "package_name": "com.example.trackcoubus_student"
        }
      },
      "oauth_client": [
        {
          "client_id": "516188237714-du7ac9qfoi6cpg6cgoq2tjpq3i49qojk.apps.googleusercontent.com",
          "client_type": 1,
          "android_info": {
            "package_name": "com.example.trackcoubus",
            "certificate_hash": "32b0bc2b40e31b1ea2ccb21873887a508c8ce924"
          }
        },
        {
          "client_id": "516188237714-urafi5n6lp1lqmp2ph4ihbd7gv4knacl.apps.googleusercontent.com",
          "client_type": 3
        }
      ],
      "api_key": [
        {
          "current_key": "AIzaSyCAn6LN_epJ6tleu3Kkk8EHl88XJxwIF8M"
        }
      ],
      "services": {
        "appinvite_service": {
          "other_platform_oauth_client": [
            {
              "client_id": "516188237714-urafi5n6lp1lqmp2ph4ihbd7gv4knacl.apps.googleusercontent.com",
              "client_type": 3
            }
          ]
        }
      }
    },
    {
      "client_info": {
        "mobilesdk_app_id": "1:516188237714:android:a406eac357770596bc5b4b",
        "android_client_info": {
          "package_name": "com.example.trackcoubus_driver"
        }
      },
      "oauth_client": [
        {
          "client_id": "516188237714-ss6r924eu5ov9d2mpbcbd40a6petm09j.apps.googleusercontent.com",
          "client_type": 1,
          "android_info": {
            "package_name": "com.example.trackcoubus_driver",
            "certificate_hash": "32b0bc2b40e31b1ea2ccb21873887a508c8ce924"
          }
        },
        {
          "client_id": "516188237714-urafi5n6lp1lqmp2ph4ihbd7gv4knacl.apps.googleusercontent.com",
          "client_type": 3
        }
      ],
      "api_key": [
        {
          "current_key": "AIzaSyCAn6LN_epJ6tleu3Kkk8EHl88XJxwIF8M"
        }
      ],
      "services": {
        "appinvite_service": {
          "other_platform_oauth_client": [
            {
              "client_id": "516188237714-urafi5n6lp1lqmp2ph4ihbd7gv4knacl.apps.googleusercontent.com",
              "client_type": 3
            }
          ]
        }
      }
    },
    {
      "client_info": {
        "mobilesdk_app_id": "1:516188237714:android:d8dff8f60f153323bc5b4b",
        "android_client_info": {
          "package_name": "com.example.trackcoubus"
        }
      },
      "oauth_client": [
        {
          "client_id": "516188237714-orbd23mofl9i4r8abjfcnrth3qjh4ejg.apps.googleusercontent.com",
          "client_type": 1,
          "android_info": {
            "package_name": "com.example.trackcoubus_student",
            "certificate_hash": "32b0bc2b40e31b1ea2ccb21873887a508c8ce924"
          }
        },
        {
          "client_id": "516188237714-urafi5n6lp1lqmp2ph4ihbd7gv4knacl.apps.googleusercontent.com",
          "client_type": 3
        }
      ],
      "api_key": [
        {
          "current_key": "AIzaSyCAn6LN_epJ6tleu3Kkk8EHl88XJxwIF8M"
        }
      ],
      "services": {
        "appinvite_service": {
          "other_platform_oauth_client": [
            {
              "client_id": "516188237714-urafi5n6lp1lqmp2ph4ihbd7gv4knacl.apps.googleusercontent.com",
              "client_type": 3
            }
          ]
        }
      }
    }
  ],
  "configuration_version": "1"
}